Designator,Footprint,Quantity,Value,LCSC Part #
"C1, C15, C2, C28, C31, C33, C34, C35, C38, C5, C9",0402,11,100nF,
"C10, C11, C12, C13, C14, C16, C17, C18, C19, C20, C3, C37, C4",0402,13,10uF,
C21,0805,1,4.7uF X7R,
"C22, C36",0402,2,47pF,
"C23, C24",0805,2,22uF X7R,
"C25, C26",0402,2,15pF,
C27,1206,1,100uF,
C29,0805,1,4.7uF,
"C30, C32",0402,2,10pF,
C39,0805,1,2.2uF,
"C6, C7",0402,2,47nF,
C8,0402,1,4.7uF 10V,
CR1,CR_SOT-23_PTD,1,PSM712-LF-T7,C32677
"D1, D2",SOT-23,2,BZX84C10A,C5155278
"D3, D4, D6, D7",0805,4,LED 0805,C2296
"D5, D8",D_SOD-323,2,1N5819WS,
DWM1,DWM1000,1,DWM3000,C42419011
J2,HRS_DF12NC-50DS-0.5V_51_,1,DF12NC-50DS-0.5V_51_,C3647189
J3,HRS_DF12NC_5.0_-50DP-0.5V_51_,1,DF12NC_5.0_-50DP-0.5V_51_,C3644230
J4,GCT_USB4105-GF-A-120,1,USB4105-GF-A-120,C5184243
"L1, L2",IND_XGL4020_COC,2,XGL4020-222MEC,
"P1, P10, P11, P12, P2, P3, P4, P5, P6, P7, P8, P9",SolderPad_4mm_2mm,12,SolderPad_4mm_2mm,
"Q1, Q2, Q3, Q4, Q5",SOT-23,5,AO3400A,C20917
"R1, R2, R3",0603,3,1M,
R10,0402,1,5.23k,
R11,0402,1,30.1k,
"R12, R17",0402,2,100R,
R13,0402,1,2k2,
R14,0402,1,450k,
"R15, R25",0402,2,100k,
"R16, R24, R26",0402,3,510R,
"R18, R21, R22, R23",0402,4,10k,
"R19, R20, R4",0402,3,1M,
"R27, R28",0603,2,5.1k,
R29,0603,1,2.2R,
"R5, R6",0402,2,300R,
R7,0402,1,320k,
R8,0402,1,680k,
R9,0402,1,4.7k 1%-2%,
SW1,SW_SPST_TS-1088-xR020,1,SW_Push,C720477
"TP1, TP2, TP3",TestPoint_Pad_D1.5mm,3,TestPoint,
TP4,TestPoint_Pad_D1.0mm,1,TestPoint,
U1,Texas_RQM0029A_VQFN-29_4x4mm_P0.4mm,1,BQ25798,
U2,SOT-563,1,TPS62A056x,
U3,LQFP-48_7x7mm_P0.5mm,1,STM32L431CCT6,C486681
U4,SOT-23-6,1,WE-TVS-82400102,
Y1,Crystal_SMD_3215-2Pin_3.2x1.5mm,1,32.768kHz Q13FC13500004,C32346
Y2,Crystal_SMD_3225-4Pin_3.2x2.5mm,1,16MHz X322516MLB4SI,C13738
